<application>
  <component name="ProjectJdkTable">
    <jdk version="2">
      <name value="" />
      <type value="JavaSDK" />
      <homePath value="$USER_HOME$" />
      <roots>
        <annotationsPath>
          <root type="composite" />
        </annotationsPath>
        <classPath>
          <root type="composite" />
        </classPath>
        <javadocPath>
          <root type="composite" />
        </javadocPath>
        <sourcePath>
          <root type="composite" />
        </sourcePath>
      </roots>
      <additional />
    </jdk>
  </component>
</application>